<wordbook>
	<item>
		<word>handler</word>
		<trans><![CDATA[处理器]]></trans>
		<phonetic><![CDATA[['hændlə]]]></phonetic>
		<tags>Android05_Message_Handler</tags>
		<progress>0</progress>
	</item>
	<item>
		<word>UI Thread</word>
		<trans><![CDATA[UI线程; 主线程]]></trans>
		<phonetic><![CDATA[]]>
		</phonetic>
		<tags>Android05_Message_Handler</tags>
		<progress>0</progress>
	</item>
	<item>
		<word>worker thread</word>
		<trans><![CDATA[工作线程]]></trans>
		<phonetic><![CDATA[]]>
		</phonetic>
		<tags>Android05_Message_Handler</tags>
		<progress>0</progress>
	</item>
	<item>
		<word>looper</word>
		<trans><![CDATA[循环器; 钩子]]></trans>
		<phonetic><![CDATA[['luːpə]]]></phonetic>
		<tags>Android05_Message_Handler</tags>
		<progress>0</progress>
	</item>
	<item>
		<word>obtain</word>
		<trans><![CDATA[获得]]></trans>
		<phonetic><![CDATA[[əb'teɪn]]]></phonetic>
		<tags>Android05_Message_Handler</tags>
		<progress>0</progress>
	</item>
	<item>
		<word>delay</word>
		<trans><![CDATA[延迟]]></trans>
		<phonetic><![CDATA[[dɪ'leɪ]]]></phonetic>
		<tags>Android05_Message_Handler</tags>
		<progress>0</progress>
	</item>
	<item>
		<word>remove</word>
		<trans><![CDATA[移除]]></trans>
		<phonetic><![CDATA[[rɪ'muːv]]]></phonetic>
		<tags>Android05_Message_Handler</tags>
		<progress>0</progress>
	</item>
	<item>
		<word>pool</word>
		<trans><![CDATA[水池; 池]]></trans>
		<phonetic><![CDATA[[puːl]]]></phonetic>
		<tags>Android05_Message_Handler</tags>
		<progress>0</progress>
	</item>
	<item>
		<word>other</word>
		<trans><![CDATA[其他的]]></trans>
		<phonetic><![CDATA[['ʌðə]]]></phonetic>
		<tags>Android05_Message_Handler</tags>
		<progress>0</progress>
	</item>
	<item>
		<word>Async</word>
		<trans><![CDATA[异步的]]></trans>
		<phonetic><![CDATA[]]>
		</phonetic>
		<tags>Android05_Message_Handler</tags>
		<progress>0</progress>
	</item>
	<item>
		<word>AsyncTask</word>
		<trans><![CDATA[异步任务]]></trans>
		<phonetic><![CDATA[]]>
		</phonetic>
		<tags>Android05_Message_Handler</tags>
		<progress>0</progress>
	</item>
	<item>
		<word>param</word>
		<trans><![CDATA[参数]]></trans>
		<phonetic><![CDATA[[pə'ræm]]]></phonetic>
		<tags>Android05_Message_Handler</tags>
		<progress>0</progress>
	</item>
	<item>
		<word>execute</word>
		<trans><![CDATA[vt. 执行]]></trans>
		<phonetic><![CDATA[['eksɪkjuːt]]]></phonetic>
		<tags>Android05_Message_Handler</tags>
		<progress>0</progress>
	</item>
	<item>
		<word>publish</word>
		<trans><![CDATA[发布; 公布]]></trans>
		<phonetic><![CDATA[['pʌblɪʃ]]]></phonetic>
		<tags>Android05_Message_Handler</tags>
		<progress>0</progress>
	</item>
	<item>
		<word>process</word>
		<trans><![CDATA[vt. 处理 
n. 过程，进程]]></trans>
		<phonetic><![CDATA[['prəʊses]]]></phonetic>
		<tags>Android05_Message_Handler</tags>
		<progress>0</progress>
	</item>
	<item>
		<word>handle</word>
		<trans><![CDATA[处理]]></trans>
		<phonetic><![CDATA[['hænd(ə)l]]]></phonetic>
		<tags>Android05_Message_Handler</tags>
		<progress>0</progress>
	</item>
	<item>
		<word>type</word>
		<trans><![CDATA[类型]]></trans>
		<phonetic><![CDATA[[taɪp]]]></phonetic>
		<tags>Android05_Message_Handler</tags>
		<progress>0</progress>
	</item>
	<item>
		<word>loader</word>
		<trans><![CDATA[加载器]]></trans>
		<phonetic><![CDATA[['ləʊdə]]]></phonetic>
		<tags>Android05_Message_Handler</tags>
		<progress>0</progress>
	</item>
	<item>
		<word>bitmap</word>
		<trans><![CDATA[位图, 图像]]></trans>
		<phonetic><![CDATA[['bɪtmæp]]]></phonetic>
		<tags>Android05_Message_Handler</tags>
		<progress>0</progress>
	</item>
	<item>
		<word>SoftReference</word>
		<trans><![CDATA[软引用]]></trans>
		<phonetic><![CDATA[]]>
		</phonetic>
		<tags>Android05_Message_Handler</tags>
		<progress>0</progress>
	</item>
	<item>
		<word>compress</word>
		<trans><![CDATA[压缩]]></trans>
		<phonetic><![CDATA[[kəm'pres]]]></phonetic>
		<tags>Android05_Message_Handler</tags>
		<progress>0</progress>
	</item>
	<item>
		<word>press</word>
		<trans><![CDATA[vt.按下;  压]]></trans>
		<phonetic><![CDATA[[pres]]]></phonetic>
		<tags>Android05_Message_Handler</tags>
		<progress>0</progress>
	</item>
	<item>
		<word>callback</word>
		<trans><![CDATA[回调]]></trans>
		<phonetic><![CDATA[['kɔːlbæk]]]></phonetic>
		<tags>Android05_Message_Handler</tags>
		<progress>0</progress>
	</item>
	<item>
		<word>empty</word>
		<trans><![CDATA[adj. 空的]]></trans>
		<phonetic><![CDATA[['em(p)tɪ]]]></phonetic>
		<tags>Android05_Message_Handler</tags>
		<progress>0</progress>
	</item>
</wordbook>
