<wordbook>
	<item>
		<word>overview</word>
		<trans><![CDATA[n. 综述; 概述]]></trans>
		<phonetic><![CDATA[['əʊvəvjuː]]]></phonetic>
		<tags>Android03_UI</tags>
		<progress>1</progress>
	</item>
	<item>
		<word>event</word>
		<trans><![CDATA[n. 事件]]></trans>
		<phonetic><![CDATA[[ɪ'vent]]]></phonetic>
		<tags>Android03_UI</tags>
		<progress>1</progress>
	</item>
	<item>
		<word>common</word>
		<trans><![CDATA[adj. 常见的; 通常的]]></trans>
		<phonetic><![CDATA[['kɒmən]]]></phonetic>
		<tags>Android03_UI</tags>
		<progress>1</progress>
	</item>
	<item>
		<word>ListView</word>
		<trans><![CDATA[列表视图]]></trans>
		<phonetic><![CDATA[]]>
		</phonetic>
		<tags>Android03_UI</tags>
		<progress>1</progress>
	</item>
	<item>
		<word>customer</word>
		<trans><![CDATA[adj. 自定义的
n. 顾客]]></trans>
		<phonetic><![CDATA[['kʌstəmə]]]></phonetic>
		<tags>Android03_UI</tags>
		<progress>1</progress>
	</item>
	<item>
		<word>built</word>
		<trans><![CDATA[v. 构建; 建造]]></trans>
		<phonetic><![CDATA[[bɪlt]]]></phonetic>
		<tags>Android03_UI</tags>
		<progress>1</progress>
	</item>
	<item>
		<word>ViewGroup</word>
		<trans><![CDATA[视图组; 视图容器组件]]></trans>
		<phonetic><![CDATA[]]>
		</phonetic>
		<tags>Android03_UI</tags>
		<progress>1</progress>
	</item>
	<item>
		<word>define</word>
		<trans><![CDATA[vt. 定义]]></trans>
		<phonetic><![CDATA[[dɪ'faɪn]]]></phonetic>
		<tags>Android03_UI</tags>
		<progress>1</progress>
	</item>
	<item>
		<word>ImageView</word>
		<trans><![CDATA[ImageView: 图片视图]]></trans>
		<phonetic><![CDATA[]]>
		</phonetic>
		<tags>Android03_UI</tags>
		<progress>1</progress>
	</item>
	<item>
		<word>ProgressBar</word>
		<trans><![CDATA[ProgressBar: 进度条]]></trans>
		<phonetic><![CDATA[]]>
		</phonetic>
		<tags>Android03_UI</tags>
		<progress>1</progress>
	</item>
	<item>
		<word>SurfaceView</word>
		<trans><![CDATA[SurfaceView: 用来显示视频,游戏的视图]]></trans>
		<phonetic><![CDATA[]]>
		</phonetic>
		<tags>Android03_UI</tags>
		<progress>1</progress>
	</item>
	<item>
		<word>VideoView</word>
		<trans><![CDATA[视频视图]]></trans>
		<phonetic><![CDATA[]]>
		</phonetic>
		<tags>Android03_UI</tags>
		<progress>1</progress>
	</item>
	<item>
		<word>TextView</word>
		<trans><![CDATA[文本视图控件]]></trans>
		<phonetic><![CDATA[]]>
		</phonetic>
		<tags>Android03_UI</tags>
		<progress>1</progress>
	</item>
	<item>
		<word>EditText</word>
		<trans><![CDATA[可输入文本的控件]]></trans>
		<phonetic><![CDATA[]]>
		</phonetic>
		<tags>Android03_UI</tags>
		<progress>1</progress>
	</item>
	<item>
		<word>GridView</word>
		<trans><![CDATA[网络视图]]></trans>
		<phonetic><![CDATA[]]>
		</phonetic>
		<tags>Android03_UI</tags>
		<progress>1</progress>
	</item>
	<item>
		<word>spinner</word>
		<trans><![CDATA[下拉框列表视图]]></trans>
		<phonetic><![CDATA[['spɪnə]]]></phonetic>
		<tags>Android03_UI</tags>
		<progress>1</progress>
	</item>
	<item>
		<word>FrameLayout</word>
		<trans><![CDATA[帧布局]]></trans>
		<phonetic><![CDATA[]]>
		</phonetic>
		<tags>Android03_UI</tags>
		<progress>1</progress>
	</item>
	<item>
		<word>ViewPager</word>
		<trans><![CDATA[多页控件]]></trans>
		<phonetic><![CDATA[]]>
		</phonetic>
		<tags>Android03_UI</tags>
		<progress>1</progress>
	</item>
	<item>
		<word>SlidingDrawer</word>
		<trans><![CDATA[滑动抽屉视图]]></trans>
		<phonetic><![CDATA[]]>
		</phonetic>
		<tags>Android03_UI</tags>
		<progress>1</progress>
	</item>
	<item>
		<word>intercept</word>
		<trans><![CDATA[vt. 拦截；截断]]></trans>
		<phonetic><![CDATA[[,ɪntə'sept]]]></phonetic>
		<tags>Android03_UI</tags>
		<progress>1</progress>
	</item>
	<item>
		<word>consider</word>
		<trans><![CDATA[vt. 考虑；认为]]></trans>
		<phonetic><![CDATA[[kən'sɪdə]]]></phonetic>
		<tags>Android03_UI</tags>
		<progress>1</progress>
	</item>
	<item>
		<word>capture</word>
		<trans><![CDATA[捕捉，拍摄]]></trans>
		<phonetic><![CDATA[['kæptʃə]]]></phonetic>
		<tags>Android03_UI</tags>
		<progress>1</progress>
	</item>
	<item>
		<word>focus</word>
		<trans><![CDATA[n. 焦点；中心]]></trans>
		<phonetic><![CDATA[['fəʊkəs]]]></phonetic>
		<tags>Android03_UI</tags>
		<progress>1</progress>
	</item>
	<item>
		<word>touch</word>
		<trans><![CDATA[vt. 接触；触控]]></trans>
		<phonetic><![CDATA[[tʌtʃ]]]></phonetic>
		<tags>Android03_UI</tags>
		<progress>1</progress>
	</item>
	<item>
		<word>menu</word>
		<trans><![CDATA[n. 菜单]]></trans>
		<phonetic><![CDATA[['menjuː]]]></phonetic>
		<tags>Android03_UI</tags>
		<progress>0</progress>
	</item>
	<item>
		<word>key</word>
		<trans><![CDATA[按键]]></trans>
		<phonetic><![CDATA[[kiː]]]></phonetic>
		<tags>Android03_UI</tags>
		<progress>0</progress>
	</item>
	<item>
		<word>option</word>
		<trans><![CDATA[选项]]></trans>
		<phonetic><![CDATA[['ɒpʃ(ə)n]]]></phonetic>
		<tags>Android03_UI</tags>
		<progress>0</progress>
	</item>
	<item>
		<word>SeekBar</word>
		<trans><![CDATA[SeekBar:可拖动进度条控件]]></trans>
		<phonetic><![CDATA[]]>
		</phonetic>
		<tags>Android03_UI</tags>
		<progress>0</progress>
	</item>
	<item>
		<word>dialog</word>
		<trans><![CDATA[n. 对话框]]></trans>
		<phonetic><![CDATA[['daɪəlɒɡ]]]></phonetic>
		<tags>Android03_UI</tags>
		<progress>0</progress>
	</item>
	<item>
		<word>notification</word>
		<trans><![CDATA[n. 通知；通告]]></trans>
		<phonetic><![CDATA[[,nəʊtɪfɪ'keɪʃn]]]></phonetic>
		<tags>Android03_UI</tags>
		<progress>0</progress>
	</item>
	<item>
		<word>hint</word>
		<trans><![CDATA[n. 提示;暗示]]></trans>
		<phonetic><![CDATA[[hɪnt]]]></phonetic>
		<tags>Android03_UI</tags>
		<progress>0</progress>
	</item>
	<item>
		<word>InputType</word>
		<trans><![CDATA[输入类型]]></trans>
		<phonetic><![CDATA[]]>
		</phonetic>
		<tags>Android03_UI</tags>
		<progress>0</progress>
	</item>
	<item>
		<word>background</word>
		<trans><![CDATA[n. 背景]]></trans>
		<phonetic><![CDATA[['bækgraʊnd]]]></phonetic>
		<tags>Android03_UI</tags>
		<progress>0</progress>
	</item>
	<item>
		<word>checked</word>
		<trans><![CDATA[adj. 选中的]]></trans>
		<phonetic><![CDATA[[tʃekt]]]></phonetic>
		<tags>Android03_UI</tags>
		<progress>0</progress>
	</item>
	<item>
		<word>change</word>
		<trans><![CDATA[vt. 改变]]></trans>
		<phonetic><![CDATA[[tʃeɪn(d)ʒ]]]></phonetic>
		<tags>Android03_UI</tags>
		<progress>0</progress>
	</item>
	<item>
		<word>RadioGroup</word>
		<trans><![CDATA[单选钮组]]></trans>
		<phonetic><![CDATA[]]>
		</phonetic>
		<tags>Android03_UI</tags>
		<progress>0</progress>
	</item>
	<item>
		<word>RadioButton</word>
		<trans><![CDATA[单选按钮控件]]></trans>
		<phonetic><![CDATA[]]>
		</phonetic>
		<tags>Android03_UI</tags>
		<progress>0</progress>
	</item>
	<item>
		<word>MenuInflater</word>
		<trans><![CDATA[MenuInflater: 菜单填充器]]></trans>
		<phonetic><![CDATA[]]>
		</phonetic>
		<tags>Android03_UI</tags>
		<progress>0</progress>
	</item>
	<item>
		<word>inflater</word>
		<trans><![CDATA[n. 填充器, 解析器]]></trans>
		<phonetic><![CDATA[[in'fleitə]]]></phonetic>
		<tags>Android03_UI</tags>
		<progress>0</progress>
	</item>
	<item>
		<word>item</word>
		<trans><![CDATA[一项; 单项]]></trans>
		<phonetic><![CDATA[['aɪtəm]]]></phonetic>
		<tags>Android03_UI</tags>
		<progress>0</progress>
	</item>
	<item>
		<word>select</word>
		<trans><![CDATA[vt. 选择; 挑选]]></trans>
		<phonetic><![CDATA[[sɪ'lekt]]]></phonetic>
		<tags>Android03_UI</tags>
		<progress>0</progress>
	</item>
	<item>
		<word>info</word>
		<trans><![CDATA[n. 信息]]></trans>
		<phonetic><![CDATA[['ɪnfəʊ]]]></phonetic>
		<tags>Android03_UI</tags>
		<progress>0</progress>
	</item>
	<item>
		<word>track</word>
		<trans><![CDATA[vt. 追踪]]></trans>
		<phonetic><![CDATA[[træk]]]></phonetic>
		<tags>Android03_UI</tags>
		<progress>0</progress>
	</item>
	<item>
		<word>AlertDialog</word>
		<trans><![CDATA[警告对话框]]></trans>
		<phonetic><![CDATA[]]>
		</phonetic>
		<tags>Android03_UI</tags>
		<progress>0</progress>
	</item>
	<item>
		<word>DatePickerDialog</word>
		<trans><![CDATA[日期选择器控件]]></trans>
		<phonetic><![CDATA[]]>
		</phonetic>
		<tags>Android03_UI</tags>
		<progress>0</progress>
	</item>
	<item>
		<word>CharSequence</word>
		<trans><![CDATA[字符序列]]></trans>
		<phonetic><![CDATA[]]>
		</phonetic>
		<tags>Android03_UI</tags>
		<progress>0</progress>
	</item>
	<item>
		<word>horizontal</word>
		<trans><![CDATA[adj. 水平的；]]></trans>
		<phonetic><![CDATA[[hɒrɪ'zɒnt(ə)l]]]></phonetic>
		<tags>Android03_UI</tags>
		<progress>0</progress>
	</item>
	<item>
		<word>vertical</word>
		<trans><![CDATA[adj. 垂直的]]></trans>
		<phonetic><![CDATA[['vɜːtɪk(ə)l]]]></phonetic>
		<tags>Android03_UI</tags>
		<progress>0</progress>
	</item>
	<item>
		<word>gravity</word>
		<trans><![CDATA[n. 重力, 重心]]></trans>
		<phonetic><![CDATA[['grævɪtɪ]]]></phonetic>
		<tags>Android03_UI</tags>
		<progress>0</progress>
	</item>
	<item>
		<word>padding</word>
		<trans><![CDATA[内边距]]></trans>
		<phonetic><![CDATA[['pædɪŋ]]]></phonetic>
		<tags>Android03_UI</tags>
		<progress>0</progress>
	</item>
	<item>
		<word>margin</word>
		<trans><![CDATA[外边距]]></trans>
		<phonetic><![CDATA[['mɑːdʒɪn]]]></phonetic>
		<tags>Android03_UI</tags>
		<progress>0</progress>
	</item>
	<item>
		<word>border</word>
		<trans><![CDATA[n. 边框]]></trans>
		<phonetic><![CDATA[['bɔːdə]]]></phonetic>
		<tags>Android03_UI</tags>
		<progress>0</progress>
	</item>
	<item>
		<word>align</word>
		<trans><![CDATA[对齐]]></trans>
		<phonetic><![CDATA[[ə'laɪn]]]></phonetic>
		<tags>Android03_UI</tags>
		<progress>0</progress>
	</item>
	<item>
		<word>above</word>
		<trans><![CDATA[在……上面]]></trans>
		<phonetic><![CDATA[[ə'bʌv]]]></phonetic>
		<tags>Android03_UI</tags>
		<progress>0</progress>
	</item>
	<item>
		<word>below</word>
		<trans><![CDATA[adv. 在下面]]></trans>
		<phonetic><![CDATA[[bɪ'ləʊ]]]></phonetic>
		<tags>Android03_UI</tags>
		<progress>0</progress>
	</item>
	<item>
		<word>scroll</word>
		<trans><![CDATA[滚动]]></trans>
		<phonetic><![CDATA[[skrəʊl]]]></phonetic>
		<tags>Android03_UI</tags>
		<progress>0</progress>
	</item>
	<item>
		<word>adapter</word>
		<trans><![CDATA[n. 适配器]]></trans>
		<phonetic><![CDATA[[ə'dæptə]]]></phonetic>
		<tags>Android03_UI</tags>
		<progress>0</progress>
	</item>
	<item>
		<word>base</word>
		<trans><![CDATA[n. 基本的, 基础的]]></trans>
		<phonetic><![CDATA[[beɪs]]]></phonetic>
		<tags>Android03_UI</tags>
		<progress>0</progress>
	</item>
	<item>
		<word>simple</word>
		<trans><![CDATA[adj. 简单的]]></trans>
		<phonetic><![CDATA[['sɪmp(ə)l]]]></phonetic>
		<tags>Android03_UI</tags>
		<progress>0</progress>
	</item>
	<item>
		<word>resolve</word>
		<trans><![CDATA[解决]]></trans>
		<phonetic><![CDATA[[rɪ'zɒlv]]]></phonetic>
		<tags>Android03_UI</tags>
		<progress>0</progress>
	</item>
	<item>
		<word>dismiss</word>
		<trans><![CDATA[vt.移除; 让...离开]]></trans>
		<phonetic><![CDATA[[dɪs'mɪs]]]></phonetic>
		<tags>Android03_UI</tags>
		<progress>0</progress>
	</item>
</wordbook>
