<wordbook>
	<item>
		<word>perform</word>
		<trans><![CDATA[vt. 执行；完成]]></trans>
		<phonetic><![CDATA[[pə'fɔːm]]]></phonetic>
		<tags>Android07_Service</tags>
		<progress>0</progress>
	</item>
	<item>
		<word>operation</word>
		<trans><![CDATA[n. 操作, 行为]]></trans>
		<phonetic><![CDATA[[ɒpə'reɪʃ(ə)n]]]></phonetic>
		<tags>Android07_Service</tags>
		<progress>0</progress>
	</item>
	<item>
		<word>another</word>
		<trans><![CDATA[其它的, 另一个]]></trans>
		<phonetic><![CDATA[[ə'nʌðə]]]></phonetic>
		<tags>Android07_Service</tags>
		<progress>0</progress>
	</item>
	<item>
		<word>even</word>
		<trans><![CDATA[即使]]></trans>
		<phonetic><![CDATA[['iːv(ə)n]]]></phonetic>
		<tags>Android07_Service</tags>
		<progress>0</progress>
	</item>
	<item>
		<word>additional</word>
		<trans><![CDATA[adj. 附加的，额外的]]></trans>
		<phonetic><![CDATA[[ə'dɪʃ(ə)n(ə)l]]]></phonetic>
		<tags>Android07_Service</tags>
		<progress>0</progress>
	</item>
	<item>
		<word>local</word>
		<trans><![CDATA[本地的]]></trans>
		<phonetic><![CDATA[['ləʊk(ə)l]]]></phonetic>
		<tags>Android07_Service</tags>
		<progress>0</progress>
	</item>
	<item>
		<word>remote</word>
		<trans><![CDATA[远程的]]></trans>
		<phonetic><![CDATA[[rɪ'məʊt]]]></phonetic>
		<tags>Android07_Service</tags>
		<progress>0</progress>
	</item>
	<item>
		<word>bind</word>
		<trans><![CDATA[绑定]]></trans>
		<phonetic><![CDATA[[baɪnd]]]></phonetic>
		<tags>Android07_Service</tags>
		<progress>0</progress>
	</item>
	<item>
		<word>command</word>
		<trans><![CDATA[命令; 指令; 指挥]]></trans>
		<phonetic><![CDATA[[kə'mɑːnd]]]></phonetic>
		<tags>Android07_Service</tags>
		<progress>0</progress>
	</item>
	<item>
		<word>MediaPlayer</word>
		<trans><![CDATA[媒体播放器]]></trans>
		<phonetic><![CDATA[]]>
		</phonetic>
		<tags>Android07_Service</tags>
		<progress>0</progress>
	</item>
	<item>
		<word>reset</word>
		<trans><![CDATA[vi. 重置；清零]]></trans>
		<phonetic><![CDATA[[riː'set]]]></phonetic>
		<tags>Android07_Service</tags>
		<progress>0</progress>
	</item>
	<item>
		<word>release</word>
		<trans><![CDATA[释放; 发布]]></trans>
		<phonetic><![CDATA[[rɪ'liːs]]]></phonetic>
		<tags>Android07_Service</tags>
		<progress>0</progress>
	</item>
	<item>
		<word>definition</word>
		<trans><![CDATA[定义]]></trans>
		<phonetic><![CDATA[[defɪ'nɪʃ(ə)n]]]></phonetic>
		<tags>Android07_Service</tags>
		<progress>0</progress>
	</item>
	<item>
		<word>AIDL</word>
		<trans><![CDATA[AIDL: 接口描述语言(Android Interface Definition Language)]]></trans>
		<phonetic><![CDATA[]]>
		</phonetic>
		<tags>Android07_Service</tags>
		<progress>0</progress>
	</item>
	<item>
		<word>IPC</word>
		<trans><![CDATA[进程间通信
interprocess communication]]></trans>
		<phonetic><![CDATA[]]>
		</phonetic>
		<tags>Android07_Service</tags>
		<progress>0</progress>
	</item>
	<item>
		<word>parcel</word>
		<trans><![CDATA[n. 包裹]]></trans>
		<phonetic><![CDATA[['pɑːs(ə)l]]]></phonetic>
		<tags>Android07_Service</tags>
		<progress>0</progress>
	</item>
	<item>
		<word>telephony</word>
		<trans><![CDATA[n. 电话]]></trans>
		<phonetic><![CDATA[[təˈlefəni]]]></phonetic>
		<tags>Android07_Service</tags>
		<progress>0</progress>
	</item>
	<item>
		<word>state</word>
		<trans><![CDATA[n. 状态; 国家]]></trans>
		<phonetic><![CDATA[[steɪt]]]></phonetic>
		<tags>Android07_Service</tags>
		<progress>0</progress>
	</item>
	<item>
		<word>idle</word>
		<trans><![CDATA[空闲的]]></trans>
		<phonetic><![CDATA[['aɪd(ə)l]]]></phonetic>
		<tags>Android07_Service</tags>
		<progress>0</progress>
	</item>
	<item>
		<word>ringing</word>
		<trans><![CDATA[振铃]]></trans>
		<phonetic><![CDATA[['rɪŋɪŋ]]]></phonetic>
		<tags>Android07_Service</tags>
		<progress>0</progress>
	</item>
	<item>
		<word>offhook</word>
		<trans><![CDATA[摘机]]></trans>
		<phonetic><![CDATA[]]>
		</phonetic>
		<tags>Android07_Service</tags>
		<progress>0</progress>
	</item>
</wordbook>
